<?xml version="1.0" encoding="UTF-8"?>
<!--
This configuration is recommended once you have SUCCESSFULLY got SolarThing working.

This configuration removes all debug messages. This makes log files take MUCH less space and will make it less
likely for an SD card to become corrupt. However, if SolarThing spams errors, they will still be logged - all of them.
-->
<Configuration status="WARN">
    <Properties>
        <Property name="logPath">logs</Property>
        <Property name="LOG_PATTERN">%d{yyyy-MM-dd HH:mm:ss.SSS} [%t] %-5level %logger{36} - %msg%n</Property>
        <Property name="filePermissions">rw-rw-r--</Property>
    </Properties>
    <Appenders>
        <Console name="Console" target="SYSTEM_OUT">
            <MarkerFilter marker="NO_CONSOLE" onMatch="DENY" onMismatch="NEUTRAL"/>
            <PatternLayout pattern="${LOG_PATTERN}"/>
        </Console>
        <RollingFile name="logInfo" fileName="${logPath}/log_info.log" filePattern="${logPath}/log_info_%d{yyyy.MM.dd}-%i.log.gz"
                     filePermissions="${filePermissions}">
            <PatternLayout pattern="${LOG_PATTERN}"/>
            <Policies>
                <OnStartupTriggeringPolicy />
                <TimeBasedTriggeringPolicy interval="1" modulate="true"/>
                <SizeBasedTriggeringPolicy size="3GB" />
            </Policies>
            <DefaultRolloverStrategy>
                <Delete basePath="${logPath}" maxDepth="1">
                    <IfFileName glob="log_info_*.log.gz" />
                    <IfLastModified age="60d" />
                </Delete>
            </DefaultRolloverStrategy>
        </RollingFile>
        <RollingFile name="logSummary" fileName="${logPath}/log_summary.log" filePattern="${logPath}/log_summary_%d{yyyy.MM.dd}-%i.log.gz"
                     filePermissions="${filePermissions}">
            <PatternLayout pattern="${LOG_PATTERN}"/>
            <MarkerFilter marker="SUMMARY" onMatch="ACCEPT" onMismatch="DENY"/>
            <Policies>
                <OnStartupTriggeringPolicy />
                <TimeBasedTriggeringPolicy interval="1" modulate="true"/>
                <SizeBasedTriggeringPolicy size="3GB" />
            </Policies>
            <DefaultRolloverStrategy>
                <Delete basePath="${logPath}" maxDepth="1">
                    <IfFileName glob="log_summary_*.log.gz" />
                    <IfLastModified age="400d" />
                </Delete>
            </DefaultRolloverStrategy>
        </RollingFile>
    </Appenders>
    <Loggers>
        <Logger name="me.retrodaredevil.solarthing">
            <AppenderRef ref="Console" level="INFO"/>
            <AppenderRef ref="logInfo" level="INFO"/>
            <AppenderRef ref="logSummary" level="DEBUG"/> <!-- We can allow debugs to go through because it will filter for explicit SUMMARY marker -->
        </Logger>
    </Loggers>
</Configuration>
