{
  "type": "pvoutput-upload",
  "system_id": 100,
  "api_key": "<API KEY>",
  "database": "../config/couchdb.json",
  "source": "default",
  "join_teams": true,
  "time_zone": "US/Mountain",
  "default_fragment": 1,
  "include_undefined_sources": true,
  "required": {
    "1": ["OutbackIdentifier(address=3)", "OutbackIdentifier(address=4)"]
  },
  "analytics_enabled": true,
  "voltage_identifier": {
    "fragment": 1,
    "identifier": "OutbackIdentifier(address=3)"
  },
  "temperature_identifier": {
    "fragment": 3, "identifier": "DataIdentifier(dataId=1)"
  }
}
