{
  "type": "declaration",
  "main": {
    "type": "withlock",
    "name": "auto_generator_shut_off",
    "action": { "type": "call", "name": "check"},
    "ontimeout": { "type": "log", "message": "Something else had a lock on auto_generator_shut_off"}
  },
  "check": {
    "type": "race",
    "racers": [
      [{ "type": "fxoperational", "mode": "silent"}, { "type": "call", "name": "generator_off_if_enabled"}],
      [{ "type": "fxoperational", "mode": "silent", "not": true}, { "type": "pass" }],
      [{ "type": "pass" }, { "type": "log", "message": "There must be no FX devices!"}]
    ]
  },
  "generator_off_if_enabled": {
    "type": "race",
    "racers": [
      [{ "type": "flag", "name": "disable_auto_generator_shut_off", "not": true}, { "type": "call", "name": "generator_off_if_aux_is_on" }],
      [{ "type": "flag", "name": "disable_auto_generator_shut_off" }, { "type": "log", "message": "Auto generator shut off is currently disabled", "debug": true }],
      [{ "type": "pass" }, { "type": "log", "message": "Could not get flag status"}]
    ]
  },
  "generator_off_if_aux_is_on": {
    "type": "race",
    "racers": [
      [{ "type": "auxstate", "on": true }, { "type": "call", "name": "generator_off_sequence"}],
      [{ "type": "auxstate", "on": false }, { "type": "log", "message": "Aux is off on the master FX, not going to send command" }],
      [{ "type": "pass" }, { "type": "log", "message": "There must be no FX devices!"}]
    ]
  },
  "generator_off_sequence": {
    "type": "queue",
    "actions": [
      { "type": "log", "message": "Sending generator off because FXs went to silent" },
      { "type": "call", "name": "generator_off_command"},
      { "type": "wait", "duration": "PT3M"},
      { "type": "log", "message": "Finished waiting. Should unlock now." }
    ]
  },
  "generator_off_command": {
    "type": "sendopen",
    "directory": ".data/keys",
    "targets": [1],
    "sender": "nasplex",
    "data": {
      "type": "requestcommand",
      "command": "GEN OFF"
    }
  }
}
