{
  "type": "declaration",
  "main": {
    "type": "withlock",
    "name": "check_boost",
    "action": { "type": "call", "name": "check"},
    "ontimeout": { "type": "log", "message": "Something else had a lock on check_boost"}
  },
  "check": {
    "type": "race",
    "racers": [
      [{ "type": "fxoperational", "mode": "eq"}, { "type": "call", "name": "set_equalize"}],
      [{ "type": "fxoperational", "mode": "eq", "not": true}, { "type": "call", "name": "set_normal"}],
      [{ "type": "pass" }, { "type": "log", "message": "There must be no FX devices!"}]
    ]
  },
  "set_normal": {
    "type": "race",
    "racers": [
      [{ "type": "roverboostvoltage", "voltageraw": "148", "fragment": 2, "not": true}, { "type": "call", "name": "set_normal_command"}],
      [{ "type": "roverboostvoltage", "voltageraw": "148", "fragment": 2}, { "type": "log", "message": "Boost voltage is normal!", "debug": true}],
      [{ "type": "pass" }, { "type": "log", "message": "Rover not found!"}]
    ]
  },
  "set_equalize": {
    "type": "race",
    "racers": [
      [{ "type": "roverboostvoltage", "voltageraw": "148", "fragment": 2, "not": true}, { "type": "log", "message": "Already equalizing", "debug": true }],
      [{ "type": "roverboostvoltage", "voltageraw": "148", "fragment": 2}, { "type": "call", "name": "set_equalize_command"}],
      [{ "type": "pass" }, { "type": "log", "message": "Rover not found!"}]
    ]
  },
  "set_normal_command": {
    "type": "sendopen",
    "directory": ".data/keys",
    "targets": [2],
    "sender": "nasplex",
    "data": {
      "type": "requestcommand",
      "command": "SET BOOST NORMAL"
    }
  },
  "set_equalize_command": {
    "type": "sendopen",
    "directory": ".data/keys",
    "targets": [2],
    "sender": "nasplex",
    "data": {
      "type": "requestcommand",
      "command": "SET BOOST EQUALIZE"
    }
  }
}
