{
  "type": "declaration",
  "main": {
    "type": "race",
    "racers": [
      [{ "type": "acmode", "mode": "NO AC" }, { "type": "log", "message": "Generator is already off!" }],
      [
        {"type": "pass"},
        {
          "type": "withlock",
          "name": "send_commands",
          "action": { "type": "call", "name": "run_commands"},
          "timeout": { "type": "wait", "duration": "PT5S"},
          "ontimeout": { "type": "log", "message": "Something else had a lock on send_commands"}
        }
      ]
    ]
  },
  "force_drop": {
    "type": "queue",
    "actions": [
      { "type": "matecommand", "command": "DROP" },
      { "type": "matecommandwait" },
      {
        "type": "race",
        "racers": [
          [{ "type": "acmode", "mode": "AC USE", "not": true }, { "type": "pass"}],
          [{ "type": "waitms", "wait": 2300}, { "type": "call", "name": "force_drop"}]
        ]
      }
    ]
  },
  "force_aux_off": {
    "type": "queue",
    "actions": [
      { "type": "matecommand", "command": "AUX OFF" },
      { "type": "matecommandwait" },
      {
        "type": "race",
        "racers": [
          [{ "type": "auxstate", "on": false}, { "type": "pass"}],
          [{ "type": "waitms", "wait": 2300}, { "type": "call", "name": "force_aux_off"}]
        ]
      }
    ]
  },
  "run_commands": {
    "type": "queue",
    "actions": [
      {
        "type": "race",
        "racers": [
          [{ "type": "call", "name": "force_drop" }, { "type": "pass" }],
          [{ "type": "waitms", "wait": 5300}, { "type": "log", "message": "Force drop timed out!" }]
        ]
      },
      { "type": "waitms", "wait": 120000},
      {
        "type": "race",
        "racers": [
          [{ "type": "call", "name": "force_aux_off" }, { "type": "pass" }],
          [{ "type": "waitms", "wait": 5300}, { "type": "pass" }]
        ]
      },
      {
        "type": "race",
        "racers": [
          [{ "type": "acmode", "mode": "NO AC" }, { "type": "pass" }],
          [{ "type": "waitms", "wait": 10000 }, { "type": "log", "message": "AC is still present!"}]
        ]
      },
      { "type": "waitms", "wait": 2000},
      { "type": "matecommand", "command": "USE"},
      { "type": "matecommandwait" },
      { "type": "log", "message": "Sent all commands for generator off cool down!"},
      {
        "type": "feedback",
        "message": "Sent all commands for generator off cool down",
        "category": "informational.command.mate"
      }
    ]
  }
}
