{
  "type": "declaration",
  "main": {
    "type": "race",
    "racers": [
      [{ "type": "acmode", "mode": "AC USE" }, { "type": "log", "message": "Already using AC power!" }],
      [
        {"type": "pass"},
        {
          "type": "withlock",
          "name": "send_commands",
          "action": { "type": "call", "name": "run_commands"},
          "timeout": { "type": "wait", "duration": "PT5S"},
          "ontimeout": { "type": "log", "message": "Something else had a lock on send_commands"}
        }
      ]
    ]
  },
  "force_aux_on": {
    "type": "queue",
    "actions": [
      { "type": "matecommand", "command": "AUX ON" },
      { "type": "matecommandwait" },
      {
        "type": "race",
        "racers": [
          [{ "type": "auxstate", "on": true}, { "type": "pass"}],
          [{ "type": "waitms", "wait": 2300}, { "type": "call", "name": "force_aux_on"}]
        ]
      }
    ]
  },
  "force_aux_off": {
    "type": "queue",
    "actions": [
      { "type": "matecommand", "command": "AUX OFF" },
      { "type": "matecommandwait" },
      {
        "type": "race",
        "racers": [
          [{ "type": "auxstate", "on": false}, { "type": "pass"}],
          [{ "type": "waitms", "wait": 2300}, { "type": "call", "name": "force_aux_off"}]
        ]
      }
    ]
  },
  "run_commands": {
    "type": "queue",
    "actions": [
      { "type": "matecommand", "command": "USE"},
      { "type": "matecommandwait" },
      { "type": "waitms", "wait": 1000},
      {
        "type": "race",
        "racers": [
          [{ "type": "call", "name": "force_aux_on" }, { "type": "pass" }],
          [{ "type": "waitms", "wait": 5300}, { "type": "pass" }]
        ]
      },
      { "type": "log", "message": "Sent all commands for generator on!"}
    ]
  }
}
