{
  "type": "declaration",
  "main": {
    "type": "withlock",
    "name": "send_commands",
    "action": { "type": "call", "name": "run_commands"},
    "timeout": { "type": "wait", "duration": "PT5S"},
    "ontimeout": { "type": "log", "message": "Something else had a lock on send_commands"}
  },
  "force_drop": {
    "type": "queue",
    "actions": [
      { "type": "matecommand", "command": "DROP" },
      { "type": "matecommandwait" },
      {
        "type": "race",
        "racers": [
          [{ "type": "acmode", "mode": "AC USE", "not": true }, { "type": "pass"}],
          [{ "type": "wait", "duration": "PT2.3S"}, { "type": "call", "name": "force_drop"}]
        ]
      }
    ]
  },
  "force_aux_off": {
    "type": "queue",
    "actions": [
      { "type": "matecommand", "command": "AUX OFF" },
      { "type": "matecommandwait" },
      {
        "type": "race",
        "racers": [
          [{ "type": "auxstate", "on": false}, { "type": "pass"}],
          [{ "type": "waitms", "wait": 2300}, { "type": "call", "name": "force_aux_off"}]
        ]
      }
    ]
  },
  "run_commands": {
    "type": "queue",
    "actions": [
      {
        "type": "race",
        "racers": [
          [{ "type": "call", "name": "force_drop" }, { "type": "pass" }],
          [{ "type": "waitms", "wait": 10000}, { "type": "pass" }]
        ]
      },
      {
        "type": "race",
        "racers": [
          [{ "type": "call", "name": "force_aux_off" }, { "type": "pass" }],
          [{ "type": "waitms", "wait": 5300}, { "type": "pass" }]
        ]
      },
      {
        "type": "race",
        "racers": [
          [
            { "type": "acmode", "mode": "AC USE" },
            {
              "type": "queue",
              "actions": [
                { "type": "log", "message": "Was not able to drop power before, so waiting 2 seconds, then dropping again."},
                { "type": "wait", "duration": "PT2S" },
                {
                  "type": "race",
                  "racers": [
                    [{ "type": "call", "name": "force_drop" }, { "type": "pass" }],
                    [
                      { "type": "wait", "duration": "PT15S"},
                      {
                        "type": "feedback",
                        "message": "Could not drop power. Generator will not shut off cleanly.",
                        "category": "technical.mate"
                      }
                    ]
                  ]
                }
              ]
            }
          ],
          [{ "type": "pass" }, { "type": "log", "message": "The first 'force_drop' call was successful, so not dropping again." }]
        ]
      },
      { "type": "log", "message": "Sent all commands for generator off!"},
      {
        "type": "feedback",
        "message": "Sent all commands for generator off",
        "category": "informational.command.mate"
      }
    ]
  }
}
