{
  "type": "declaration",
  "main": {
    "type": "withlock",
    "name": "low_battery_alert",
    "action": {
      "type": "call",
      "name": "run_check"
    },
    "ontimeout": { "type": "log", "message": "low_battery_alert locked (timer is counting down)", "debug": true }
  },
  "run_check": {
    "type": "race",
    "racers": [
      [
        {
          "type": "all",
          "expression": {
            "type": "comparison",
            "lhs": { "type": "battery-voltage" },
            "operator": ">",
            "rhs": { "type": "const", "value": 22.2 }
          }
        },
        { "type": "log", "message": "Battery voltage is fine", "debug": true }
      ],
      [ { "type": "wait", "duration": "PT60S" }, { "type": "log", "message": "Hey battery is low", "summary": true } ]
    ]
  }
}
