{
  "type": "message-sender",
  "senders": {
    "important": "config/slack_important.json",
    "basic": "config/slack.json"
  },
  "events": [
    {
      "event": {
        "type": "lowbatteryvoltage",
        "voltage": 22.8,
        "timeout": "PT120M"
      },
      "send_to": ["basic"]
    },
    {
      "event": {
        "type": "lowbatteryvoltage",
        "voltage": 22.2,
        "timeout": "PT5M"
      },
      "send_to": ["important"]
    },
    {
      "event": {
        "type": "acmodechange",
        "to": ["NO_AC"],
        "from": ["NO_AC"]
      },
      "send_to": ["basic"]
    },
    {
      "event": {
        "type": "fxchange",
        "to": ["SILENT"]
      },
      "send_to": ["basic"]
    }
  ]
}

